{"cameraMode":{"drawMode":0,"name":"Shaded","section":"Shading Mode"},"sceneLighting":true,"audioPlay":false,"sceneViewState":{"showFog":true,"showMaterialUpdate":true,"showSkybox":true,"showFlares":true,"showImageEffects":true,"showParticleSystems":true},"in2DMode":false,"pivot":{"x":-2.4126455783843996,"y":7.456844806671143,"z":-0.1396266371011734},"rotation":{"x":-0.086185023188591,"y":-0.12667371332645417,"z":-0.011048547923564911,"w":0.988132119178772},"size":11.888444900512696,"orthographic":false}