{"cameraMode":{"drawMode":0,"name":"Shaded","section":"Shading Mode"},"sceneLighting":true,"audioPlay":false,"sceneViewState":{"showFog":true,"showMaterialUpdate":true,"showSkybox":true,"showFlares":true,"showImageEffects":true,"showParticleSystems":true},"in2DMode":false,"pivot":{"x":-139.82814025878907,"y":44.69843673706055,"z":-6.552452087402344},"rotation":{"x":-0.08684981614351273,"y":0.030481409281492235,"z":0.0026584442239254715,"w":0.9957552552223206},"size":104.36459350585938,"orthographic":false}