{"cameraMode":{"drawMode":0,"name":"Shaded","section":"Shading Mode"},"sceneLighting":true,"audioPlay":false,"sceneViewState":{"showFog":true,"showMaterialUpdate":true,"showSkybox":true,"showFlares":true,"showImageEffects":true,"showParticleSystems":true},"in2DMode":false,"pivot":{"x":1.4514713287353516,"y":3.0932230949401857,"z":-8.89990234375},"rotation":{"x":0.05389068275690079,"y":0.05539076402783394,"z":-0.002994064474478364,"w":0.9970059394836426},"size":67.55204772949219,"orthographic":true}