{"cameraMode":{"drawMode":0,"name":"Shaded","section":"Shading Mode"},"sceneLighting":true,"audioPlay":false,"sceneViewState":{"showFog":true,"showMaterialUpdate":true,"showSkybox":true,"showFlares":true,"showImageEffects":true,"showParticleSystems":true},"in2DMode":false,"pivot":{"x":-51.328704833984378,"y":39.017601013183597,"z":44.60841751098633},"rotation":{"x":-0.035973791033029559,"y":0.03207537159323692,"z":0.0011552516371011735,"w":0.9988405108451843},"size":141.36329650878907,"orthographic":false}