{"cameraMode":{"drawMode":0,"name":"Shaded","section":"Shading Mode"},"sceneLighting":true,"audioPlay":false,"sceneViewState":{"showFog":true,"showMaterialUpdate":true,"showSkybox":true,"showFlares":true,"showImageEffects":true,"showParticleSystems":true},"in2DMode":false,"pivot":{"x":-93.16401672363281,"y":34.935699462890628,"z":65.50604248046875},"rotation":{"x":-0.08684981614351273,"y":0.030481409281492235,"z":0.0026584442239254715,"w":0.9957552552223206},"size":133.26071166992188,"orthographic":false}