{"cameraMode":{"drawMode":0,"name":"Shaded","section":"Shading Mode"},"sceneLighting":true,"audioPlay":false,"sceneViewState":{"showFog":true,"showMaterialUpdate":true,"showSkybox":true,"showFlares":true,"showImageEffects":true,"showParticleSystems":true},"in2DMode":false,"pivot":{"x":6.300000190734863,"y":7.819999694824219,"z":0.0},"rotation":{"x":-0.035973791033029559,"y":0.03207537159323692,"z":0.0011552516371011735,"w":0.9988405108451843},"size":6.713128089904785,"orthographic":false}