{"cameraMode":{"drawMode":0,"name":"Shaded","section":"Shading Mode"},"sceneLighting":true,"audioPlay":false,"sceneViewState":{"showFog":true,"showMaterialUpdate":true,"showSkybox":true,"showFlares":true,"showImageEffects":true,"showParticleSystems":true},"in2DMode":false,"pivot":{"x":-59.273284912109378,"y":36.09328842163086,"z":46.75019454956055},"rotation":{"x":-0.17113645374774934,"y":0.0758824497461319,"z":0.01322058867663145,"w":0.9822355508804321},"size":103.84737396240235,"orthographic":false}