{"cameraMode":{"drawMode":0,"name":"Shaded","section":"Shading Mode"},"sceneLighting":true,"audioPlay":false,"sceneViewState":{"showFog":true,"showMaterialUpdate":true,"showSkybox":true,"showFlares":true,"showImageEffects":true,"showParticleSystems":true},"in2DMode":false,"pivot":{"x":-46.679473876953128,"y":69.2801284790039,"z":33.78154754638672},"rotation":{"x":-0.058393444865942,"y":0.04999518394470215,"z":0.00292742857709527,"w":0.9970402121543884},"size":199.4461212158203,"orthographic":false}