{"cameraMode":{"drawMode":0,"name":"Shaded","section":"Shading Mode"},"sceneLighting":true,"audioPlay":false,"sceneViewState":{"showFog":true,"showMaterialUpdate":true,"showSkybox":true,"showFlares":true,"showImageEffects":true,"showParticleSystems":true},"in2DMode":false,"pivot":{"x":-23.740097045898439,"y":78.58007049560547,"z":30.376907348632814},"rotation":{"x":-0.058393444865942,"y":0.04999518394470215,"z":0.00292742857709527,"w":0.9970402121543884},"size":288.8543701171875,"orthographic":false}